,message_id,date,text,tags,tweet_lang,source,place,geom,retweets,tweet_favorites,photo_url,quoted_status_id,user_id,user_name,user_location,followers,friends,user_favorites,status,user_lang,latitude,longitude,data_source,keywords,sentiment,county_id,tweet_integer,tweet_positive,tweet_negative
30464,1.59474e+18,21/11/2022 17:25,"Elon Musk claims to be a free speech absolutist. So if I tweeted something like, oh, I don't know... Elon Musk is an ugly moon-faced pig fucker, that would be okay, right? @elonmusk #Elonmusk",Elonmusk,en,"<a href=""http://twitter.com/download/android"" rel=""nofollow"">Twitter for Android</a>","Wayzata, MN","POLYGON ((-93.548345 44.951269, -93.548345 44.9822, -93.47675 44.9822, -93.47675 44.951269, -93.548345 44.951269))",0,0,,-1.0,508006873.0,rmasher2,"Minneapolis, MN",74722,66259,57492,41256,,,,[3],True,negative,3017,1,,1.0
4323,1.58288e+18,19/10/2022 23:53,Im loving how much more up-tempo the offense is looking. Herro is cooking early. #HeatTwitter,HeatTwitter,en,"<a href=""http://twitter.com/download/iphone"" rel=""nofollow"">Twitter for iPhone</a>","Doral, FL","POLYGON ((-80.41728999999999 25.780974, -80.41728999999999 25.870313, -80.321016 25.870313, -80.321016 25.780974, -80.41728999999999 25.780974))",0,0,,-1.0,58725707.0,CurtisHierro,"Miami, FL",1175,1012,21567,6915,,,,[3],True,positive,3105,1,1.0,
90893,1.59076e+18,10/11/2022 17:38,the only people that are going to be willing to do ads on Twitter: https://t.co/BZrgP4NLv3,,en,"<a href=""http://twitter.com/download/android"" rel=""nofollow"">Twitter for Android</a>","Seattle, WA","POLYGON ((-122.436232 47.495315, -122.436232 47.734319, -122.224973 47.734319, -122.224973 47.495315, -122.436232 47.495315))",0,0,"http://pbs.twimg.com/media/FhOEh5OaYAEaMAo.jpg,http://pbs.twimg.com/media/FhOEiNnaYAEvMnZ.jpg,http://pbs.twimg.com/media/FhOEiZtaMAE5wHw.jpg,http://pbs.twimg.com/media/FhOEii1aAAALq5h.jpg",-1.0,288324737.0,ericriveracooks,"Seattle, WA",8994,2339,52197,52877,,,,[3],True,neutral,3064,1,,
14835,1.58325e+18,20/10/2022 23:53,@betJACK @mysonwhosnot on twitter??????????,,en,"<a href=""http://twitter.com/download/iphone"" rel=""nofollow"">Twitter for iPhone</a>","Avon, OH","POLYGON ((-82.069227 41.418361, -82.069227 41.47865, -81.96937800000001 41.47865, -81.96937800000001 41.418361, -82.069227 41.418361))",0,0,,-1.0,265135338.0,twm825,"Avon, OH ",142,791,8177,6526,,,,[3],True,positive,2090,1,1.0,
15789,1.57896e+18,09/10/2022 04:24,Praise God and Praise Him Again ????????????? #CatholicTwitter #Christian #quote #saintquotes #marytr https://t.co/Qfi7cQ4gWS,"CatholicTwitter,Christian,quote,saintquotes,marytr",en,"<a href=""http://twitter.com/download/android"" rel=""nofollow"">Twitter for Android</a>","Gordon, PA","POLYGON ((-76.344703 40.74558, -76.344703 40.758577, -76.32673 40.758577, -76.32673 40.74558, -76.344703 40.74558))",0,0,http://pbs.twimg.com/media/Femb_8oWYAEqFyc.jpg,-1.0,878992002.0,chiefsportlad,USA,3077,4739,9314,13906,,,,[3],True,positive,1127,1,1.0,
35225,1.58941e+18,07/11/2022 00:10,TWITTER!!! I said WTF I said !! Stop asking me if I wanna send that tweet.,,en,"<a href=""http://twitter.com/download/iphone"" rel=""nofollow"">Twitter for iPhone</a>","Lufkin, TX","POLYGON ((-94.79605599999999 31.264964, -94.669141 31.264964, -94.669141 31.400021, -94.79605599999999 31.400021, -94.79605599999999 31.264964))",0,0,,-1.0,8.44961e+17,Curly_Cuekay,"Texas, USA",765,1599,10150,14541,,,,[1],True,negative,2779,1,,1.0
88539,1.59375e+18,18/11/2022 23:32,"Before Twitter dies, indulge me in my annual thoughts as winter descends- how did people decide Patagonia is no longer the winter coat status symbol and Canada Goose is a winter coat worth spending the same amount as a used car YOUNG PEOPLE???!!!",,en,"<a href=""http://twitter.com/download/iphone"" rel=""nofollow"">Twitter for iPhone</a>","Burlington, VT","POLYGON ((-73.276995 44.445714, -73.276995 44.539485, -73.17455 44.539485, -73.17455 44.445714, -73.276995 44.445714))",0,0,,-1.0,43911591.0,bleusky03,"Burlington, Vermont",1445,3124,6367,3842,,,,[3],True,negative,2839,1,,1.0
5219,1.58749e+18,01/11/2022 17:01,@tristanmcguire_ @verotruesocial Twitter is definitely my favorite,,en,"<a href=""http://twitter.com/download/iphone"" rel=""nofollow"">Twitter for iPhone</a>","Quitman, GA","POLYGON ((-83.582566 30.767762, -83.582566 30.803533, -83.54328099999999 30.803533, -83.54328099999999 30.767762, -83.582566 30.767762))",0,0,,-1.0,19786170.0,willoliver,,11694,353,16927,19797,,,,[3],True,positive,1952,1,1.0,
93450,1.58349e+18,21/10/2022 15:53,the most annoying people on earth are taylor swift antis bc imagine frothing at the mouth just to go on Twitter dot com and hate something,,en,"<a href=""http://twitter.com/download/iphone"" rel=""nofollow"">Twitter for iPhone</a>","Middleton, WI","POLYGON ((-89.600763 43.081683, -89.600763 43.133416, -89.452015 43.133416, -89.452015 43.081683, -89.600763 43.081683))",0,0,,-1.0,705473784.0,tonymfhawk,"Madison, WI",90,405,28846,2335,,,,[3],True,negative,618,1,,1.0
31630,1.59323e+18,17/11/2022 13:29,"The fact witch Hilary Clinton/those liberal terrorist groups are trying to strong-arm @elonmusk/Twitter is all the reason #WeThePeople should support them/their advertisers.

Clinton-linked darkmoney group targeted Twitter advertisers amid Musk's takeover

https://t.co/ErZSZCNmr0",WeThePeople,en,"<a href=""http://twitter.com/download/android"" rel=""nofollow"">Twitter for Android</a>","Henderson, NV","POLYGON ((-115.158143 35.917793, -115.158143 36.094719, -114.918531 36.094719, -114.918531 35.917793, -115.158143 35.917793))",0,0,,-1.0,28109931.0,GerarddeMarigny,"Henderson, NV",8633,1311,30323,18415,,,,[3],True,negative,3163,1,,1.0
68334,1.58531e+18,26/10/2022 16:44,"@AnthonyCardano If theyre not in the Twitter spaces with us, then theyre not managing the community.",,en,"<a href=""http://twitter.com/download/iphone"" rel=""nofollow"">Twitter for iPhone</a>","Paradise, NV","POLYGON ((-115.209254 35.984784, -115.209254 36.137145, -115.061076 36.137145, -115.061076 35.984784, -115.209254 35.984784))",0,0,,-1.0,1.18821e+18,NaughtySofa,Cardano Blockchain,587,1389,5180,5316,,,,[3],True,neutral,3163,1,,
9955,1.57855e+18,08/10/2022 01:08,Nebraska football always seems to bring out the best in people on Twitter.,,en,"<a href=""http://twitter.com/download/android"" rel=""nofollow"">Twitter for Android</a>","Gretna, NE","POLYGON ((-96.262987 41.120003, -96.262987 41.175967, -96.215644 41.175967, -96.215644 41.120003, -96.262987 41.120003))",0,0,,-1.0,153649273.0,dsecora65,"Gretna, NE",388,501,4569,1336,,,,[3],True,positive,1747,1,1.0,
51511,1.59344e+18,18/11/2022 02:52,#TwitterIsOverParty I hate italians,TwitterIsOverParty,en,"<a href=""http://twitter.com/download/iphone"" rel=""nofollow"">Twitter for iPhone</a>","Boulder, CO","POLYGON ((-105.301776 39.953552, -105.301776 40.094411, -105.183597 40.094411, -105.183597 39.953552, -105.301776 39.953552))",0,0,,-1.0,1.17654e+18,schneidawgg,he/they,134,308,33436,2303,,,,[3],True,negative,2522,1,,1.0
52076,1.59089e+18,11/11/2022 02:29,FTC warns no CEO or company is above the law if Twitter shirks privacy order https://t.co/e6zQFvr0mJ https://t.co/lEQ1WkCWR0,,en,"<a href=""https://dlvrit.com/"" rel=""nofollow"">dlvr.it</a>","Hockessin, DE",POINT (-75.69757755000001 39.78652499),1,0,,-1.0,9.48014e+17,igor_os777,"Delaware, USA",11944,12850,33874,22080,,,,[1],True,neutral,1203,1,,
53768,1.59348e+18,18/11/2022 05:45,Me voy a lanzar un tuit de fritanga para poder irme como los grandes. #TwitterOFF,TwitterOFF,es,"<a href=""http://twitter.com/download/iphone"" rel=""nofollow"">Twitter for iPhone</a>","Davie, FL","POLYGON ((-80.369507 26.029537, -80.369507 26.126804, -80.20087100000001 26.126804, -80.20087100000001 26.029537, -80.369507 26.029537))",0,0,,-1.0,2513854743.0,_Sobrio,South Florida ,9708,2767,29721,16134,,,,[3],True,neutral,2485,1,,
20972,1.58974e+18,07/11/2022 21:49,@slw_washington @LouiseMensch @Twitter Thank you!,,en,"<a href=""http://twitter.com/download/iphone"" rel=""nofollow"">Twitter for iPhone</a>","Seattle, WA","POLYGON ((-122.436232 47.495315, -122.436232 47.734319, -122.224973 47.734319, -122.224973 47.495315, -122.436232 47.495315))",0,0,,-1.0,3185650226.0,KerriMickelsen,"Seattle, WA",2471,3503,388953,11888,,,,[3],True,positive,3064,1,1.0,
37533,1.59403e+18,19/11/2022 18:00,@yfnowl @JohnathanPerk @LinimentCake @knitquiltsewst1 @haikudegras And your thesis is that Black people will gain more political power by not pointing out racism on Twitter,,en,"<a href=""http://twitter.com/download/iphone"" rel=""nofollow"">Twitter for iPhone</a>","Mount Horeb, WI","POLYGON ((-89.752893 42.993218, -89.752893 43.021079, -89.702539 43.021079, -89.702539 42.993218, -89.752893 42.993218))",0,0,,-1.0,242876499.0,robchappell365,"Madison, WI",1319,426,19023,17633,,,,[3],True,negative,618,1,,1.0
56789,1.59272e+18,16/11/2022 03:28,@TomFitton @elonmusk @Twitter What is wrong with you?,,en,"<a href=""http://twitter.com/download/iphone"" rel=""nofollow"">Twitter for iPhone</a>","West Palm Beach, FL","POLYGON ((-80.20059999999999 26.644671, -80.20059999999999 26.799121, -80.044639 26.799121, -80.044639 26.644671, -80.20059999999999 26.644671))",0,0,,-1.0,1.53253e+18,RRunevitch,"West Palm Beach, FL",64,583,3177,1329,,,,[3],True,negative,903,1,,1.0
56149,1.57667e+18,02/10/2022 20:20,"I truly dislike getting into Twitter feudsbut when I see such a blatant display of misinformation, I will call you out on it. 

This person refuses to delete her tweet. I have reported her.",,en,"<a href=""http://twitter.com/download/iphone"" rel=""nofollow"">Twitter for iPhone</a>","Windermere, FL","POLYGON ((-81.549459 28.485861, -81.549459 28.515363, -81.510379 28.515363, -81.510379 28.485861, -81.549459 28.485861))",0,0,,1.57655e+18,2920301096.0,KathleenKFL,"Windermere, FL",2033,2440,5766,4163,,,,[3],True,negative,1174,1,,1.0
60163,1.59343e+18,18/11/2022 02:15,"@Duck_Ehlinger I hope, but wtf is Elon doing",,en,"<a href=""http://twitter.com/download/android"" rel=""nofollow"">Twitter for Android</a>","North Manchester, IN","POLYGON ((-85.795209 40.986226, -85.75369000000001 40.986226, -85.75369000000001 41.026847, -85.795209 41.026847, -85.795209 40.986226))",0,1,,-1.0,9.39278e+17,cashmoneyfork,IN,765,1621,94452,22455,,,,[1],True,neutral,1247,1,,
84526,1.57746e+18,05/10/2022 00:51,"@Ipsofacto123 Yes, I'm still going to point out when someone is teaching Sunday School on Twitter, Rusty.

Just because they HEARD it in Sunday School doesn't make it TRUE. https://t.co/F0BWtnfsfB",,en,"<a href=""http://twitter.com/download/android"" rel=""nofollow"">Twitter for Android</a>","Franklin, TN","POLYGON ((-86.935419 35.85036, -86.935419 36.019674, -86.76693400000001 36.019674, -86.76693400000001 35.85036, -86.935419 35.85036))",0,0,http://pbs.twimg.com/media/FeREzJ9XoAElrYs.jpg,-1.0,2558048480.0,RealYeshua1,TN USA Blue/Green Planet Earth,3954,4071,372507,178567,,,,[3],True,neutral,1639,1,,
67917,1.57848e+18,07/10/2022 20:16,"Ive been dropped like Jordan Poole. A couple times lol.

Twitter wasnt there to defend me. No lawsuits. I simply learned not to act like I want problems if, in fact, I do not want problems.

I know its shocking to some of you, but some dudes out there really will hit you.",,en,"<a href=""http://twitter.com/download/iphone"" rel=""nofollow"">Twitter for iPhone</a>","Lincoln, NE","POLYGON ((-96.806031 40.710053, -96.806031 40.896417, -96.58709399999999 40.896417, -96.58709399999999 40.710053, -96.806031 40.710053))",0,0,,-1.0,30184537.0,EdawTheGreat,"Lincoln, NE",106,997,2947,1162,,,,[3],True,negative,375,1,,1.0
44139,1.59377e+18,19/11/2022 00:51,@elonmusk @RyanAFournier If Twitter gonna be gone who will use it,,en,"<a href=""http://twitter.com/download/iphone"" rel=""nofollow"">Twitter for iPhone</a>","Westmont, CA","POLYGON ((-118.317776 33.930952, -118.317776 33.959516, -118.291549 33.959516, -118.291549 33.930952, -118.317776 33.930952))",0,0,,-1.0,1.00374e+18,Zeowolfrider300,"Los Angeles, CA",321,1838,914,6380,,,,[3],True,neutral,2466,1,,
62650,1.59e+18,08/11/2022 14:56,"@Jorriss Not a fan or endorsing either but given the limited options, Ive snagged an account there as well as https://t.co/2vMb7SYrUa. Still rooting for Twitter or a viable non-segmented / stovepiped alternative.",,en,"<a href=""http://twitter.com/download/iphone"" rel=""nofollow"">Twitter for iPhone</a>","Sykesville, MD","POLYGON ((-76.98835099999999 39.361084, -76.98835099999999 39.384689, -76.958 39.384689, -76.958 39.361084, -76.98835099999999 39.361084))",0,0,,-1.0,363251387.0,BrianLawton,"Sykesville, MD",568,3269,13169,2117,,,,[3],True,neutral,1276,1,,
74238,1.59487e+18,22/11/2022 01:44,@ChrisCuomo The @USSupremeCourt has ruled many times that #FreeSpeech has boundaries. Twitter is no exception. There should be (as there are) consequences & accountability for our words. Social Media should not be the exception. #TheGreatDebate,"FreeSpeech,TheGreatDebate",en,"<a href=""http://twitter.com/download/iphone"" rel=""nofollow"">Twitter for iPhone</a>",Clayton Opera House,"POLYGON ((-76.086822 44.242557, -76.086822 44.242557, -76.086822 44.242557, -76.086822 44.242557, -76.086822 44.242557))",0,0,,-1.0,1.47451e+18,RiverRatDoc,Grindstone Island,26,77,835,1624,,,,[3],True,neutral,3150,1,,
53366,1.57841e+18,07/10/2022 15:23,"@DanOsnaya Pero tienes más de 8000 mil likes. Eso es el twitter cuando lo usas como lo usas tú, sacrificas tu paz mental por un número :)  Pd: los tweets menos maliciosos no dan tantos likes pero al menos estás tranquila . Suerte en twitterlandia",,es,"<a href=""http://twitter.com/download/iphone"" rel=""nofollow"">Twitter for iPhone</a>","Sunrise, FL","POLYGON ((-80.363112 26.119383, -80.363112 26.193854, -80.22667300000001 26.193854, -80.22667300000001 26.119383, -80.363112 26.119383))",0,0,,-1.0,48591465.0,jonny_stack,"Miami, FL",96429,78731,12199,44039,,,,[3],True,neutral,2485,1,,
3001,1.59493e+18,22/11/2022 05:55,@elonmusk Twitter is better then Hulu or Disney right now!  Gotta love Twitter since the master dude of all dudes bought it.  Nothing like freedom of speech!  I almost forgot what it meant Elon!  Thank You!  See you on Mars!,,en,"<a href=""http://twitter.com/download/iphone"" rel=""nofollow"">Twitter for iPhone</a>","Port Charlotte, FL","POLYGON ((-82.174795 26.953081, -82.174795 27.032115, -82.05755499999999 27.032115, -82.05755499999999 26.953081, -82.174795 26.953081))",0,0,,-1.0,1.42063e+18,FLAGator5,,5,103,59,527,,,,[3],True,positive,2186,1,1.0,
90070,1.58714e+18,31/10/2022 17:36,"When Auburn took Harsin from Boize, I tweeted I didnt like the hire for the SEC. Man, the Auburn twitter fandom came at me with their piss hot saying just worry about little league football in the P12. Cheers Auburn, this tea tastes great. #GoDucks",GoDucks,en,"<a href=""http://twitter.com/download/iphone"" rel=""nofollow"">Twitter for iPhone</a>","SeaTac, WA","POLYGON ((-122.326102 47.396426, -122.326102 47.48874, -122.266875 47.48874, -122.266875 47.396426, -122.326102 47.396426))",0,0,,-1.0,355758498.0,TheNxtChipKelly,Eugene,444,1507,21383,6322,,,,[3],True,negative,3064,1,,1.0
64174,1.58348e+18,21/10/2022 15:10,@FfacevonFstick @DineshDSouza @elonmusk They seem to spend all their time on Twitter anyway. He wouldnt even have to pay them.,,en,"<a href=""http://twitter.com/download/iphone"" rel=""nofollow"">Twitter for iPhone</a>","Reading, MA","POLYGON ((-71.136186 42.500059, -71.136186 42.566505, -71.071029 42.566505, -71.071029 42.500059, -71.136186 42.500059))",0,0,,-1.0,112725447.0,Carpetbagger_68,"Reading, MA",775,1700,24054,8798,,,,[3],True,neutral,3145,1,,
42303,1.59404e+18,19/11/2022 18:55,"If @elonmusk is serious about restoring free speech here he will restore Trump immediately. I think his poll is just an opportunity to pull our legs-which I like about Elon. Besides, Trump says he wont come back here.",,en,"<a href=""http://twitter.com/download/iphone"" rel=""nofollow"">Twitter for iPhone</a>","Cameron Park, CA","POLYGON ((-121.033013 38.65476, -121.033013 38.726092, -120.924554 38.726092, -120.924554 38.65476, -121.033013 38.65476))",0,0,,-1.0,3480694337.0,touchyterrapin,,4035,4805,14032,38251,,,,[3],True,neutral,2910,1,,
32326,1.59034e+18,09/11/2022 13:39,Since I'm in a mood this morning may as well state the obvious that Elon is a little pussy bitch and he can ban me from this shitsite unless he is too busy visiting Ghislaine in jail ??,,en,"<a href=""http://twitter.com/download/android"" rel=""nofollow"">Twitter for Android</a>","Roslyn Heights, NY","POLYGON ((-73.65820600000001 40.759648, -73.65820600000001 40.793575, -73.623811 40.793575, -73.623811 40.759648, -73.65820600000001 40.759648))",0,0,,-1.0,47846118.0,SixMylesUnder,New York,185,29,11430,5173,,,,[3],True,negative,1009,1,,1.0
83402,1.58387e+18,22/10/2022 16:57,"Elon Musk will be the proud owner of Twitter: Mark Mahaney  https://t.co/R0DV9rse2v
Elon Musk has discovered that all of his financial resources arent much help picking up 800 lbs of jello.",,en,"<a href=""http://twitter.com/download/iphone"" rel=""nofollow"">Twitter for iPhone</a>","Sumter, SC","POLYGON ((-80.501997 33.863735, -80.501997 34.011051, -80.303369 34.011051, -80.303369 33.863735, -80.501997 33.863735))",0,0,,-1.0,1.36206e+18,walterp73438633,,203,448,4477,4223,,,,[3],True,neutral,2064,1,,
50164,1.59454e+18,21/11/2022 04:01,Is CBS staffed by a bunch of ex-Twitter employees? Security concerns!? Take a look at history and see who all has referred to free speech as security concerns? What a bunch of pinko commie scumbags.,,en,"<a href=""http://twitter.com/download/iphone"" rel=""nofollow"">Twitter for iPhone</a>","Camarillo, CA","POLYGON ((-119.109824 34.191355, -119.109824 34.2593, -118.958874 34.2593, -118.958874 34.191355, -119.109824 34.191355))",0,0,,1.59434e+18,1.58985e+18,DanielGSoCal,"Camarillo, CA",5,72,532,76,,,,[3],True,negative,2435,1,,1.0
97511,1.58643e+18,29/10/2022 18:42,Congratulations Chief Twit @elonmusk Hope Now twitter users get some real fun to use this platform. Including me ?? https://t.co/rhqs2Zr7ze,,en,"<a href=""http://twitter.com/download/iphone"" rel=""nofollow"">Twitter for iPhone</a>","Santa Clarita, CA","POLYGON ((-118.6278742 34.3474831, -118.3786434 34.3474831, -118.3786434 34.483779, -118.6278742 34.483779, -118.6278742 34.3474831))",1,9,,-1.0,1.09129e+18,mukitalelahi,"Santa Clarita, CA",9,62,13,16,,,,[1],True,positive,2466,1,1.0,
20643,1.58581e+18,28/10/2022 01:34,Im not leaving @Twitter and neither should you! https://t.co/Ejj2Bg0G8t,,en,"<a href=""http://twitter.com/download/iphone"" rel=""nofollow"">Twitter for iPhone</a>","Seattle, WA","POLYGON ((-122.436232 47.495315, -122.436232 47.734319, -122.224973 47.734319, -122.224973 47.495315, -122.436232 47.495315))",0,0,http://pbs.twimg.com/media/FgHrINkaUAAwi6X.jpg,-1.0,1096891.0,MasterRobyn,"Seattle, WA",1155,846,14418,30618,,,,[3],True,positive,3064,1,1.0,
97521,1.57881e+18,08/10/2022 18:03,Skateboarding on the weekends usually starts here for me. This place is literally keeping me on my board ???? @stretchlab #skatelife #skateTWITTER https://t.co/iRipk6scpW,"skatelife,skateTWITTER",en,"<a href=""http://twitter.com/download/iphone"" rel=""nofollow"">Twitter for iPhone</a>",StretchLab,"POLYGON ((-118.109581 33.757325, -118.109581 33.757325, -118.109581 33.757325, -118.109581 33.757325, -118.109581 33.757325))",0,0,http://pbs.twimg.com/media/FekN4q_VEAIi128.jpg,-1.0,173352899.0,kiPOD_SCUFFLE,internationally known,379,358,1251,10226,,,,[3],True,positive,2466,1,1.0,
80014,1.58684e+18,30/10/2022 22:11,"@Rehof_Light @kylegriffin1 I was wondering the same. I also primarily use Twitter for Kyles news along with a few others, and would like to find him elsewhere. I feel I will be leaving this site soon.",,en,"<a href=""http://twitter.com/download/iphone"" rel=""nofollow"">Twitter for iPhone</a>","Hillsboro, OR","POLYGON ((-123.011705 45.488124, -123.011705 45.573434, -122.859355 45.573434, -122.859355 45.488124, -123.011705 45.488124))",0,0,,-1.0,8.93636e+17,leslie_barile,"Portland, OR",160,313,23247,17929,,,,[3],True,negative,2239,1,,1.0
96432,1.5775e+18,05/10/2022 03:42,@SjvTesla @Twitter Same. Nothing too unusual. ?? https://t.co/mUAHDlvBfZ,,en,"<a href=""http://twitter.com/download/iphone"" rel=""nofollow"">Twitter for iPhone</a>","Torrance, CA","POLYGON ((-118.394086 33.780441, -118.394086 33.886988, -118.308349 33.886988, -118.308349 33.780441, -118.394086 33.780441))",0,0,http://pbs.twimg.com/media/FeRr6eZUYAA6LBm.jpg,-1.0,1.11538e+18,teslascope,Worldwide,15819,122,7559,7278,,,,[3],True,positive,2466,1,1.0,
80662,1.58577e+18,27/10/2022 22:47,@geostylegeo Wait. People use Twitter for amusement and entertainment? Have I been using the wrong app this whole time?,,en,"<a href=""http://twitter.com/download/iphone"" rel=""nofollow"">Twitter for iPhone</a>","Oil City, PA","POLYGON ((-79.733503 41.405168, -79.733503 41.459404, -79.673136 41.459404, -79.673136 41.405168, -79.733503 41.405168))",0,0,,-1.0,25254069.0,mattcroyle,Earth,2620,5002,22376,34754,,,,[3],True,negative,2069,1,,1.0
15850,1.59068e+18,10/11/2022 12:11,@Tmoms I love that this tweet  randomly showing in my feed is how I learned Tmoms has a Twitter account??,,en,"<a href=""http://twitter.com/download/android"" rel=""nofollow"">Twitter for Android</a>","Media, PA","POLYGON ((-75.39964000000001 39.912234, -75.39964000000001 39.929685, -75.37784499999999 39.929685, -75.37784499999999 39.912234, -75.39964000000001 39.912234))",0,0,,-1.0,81226602.0,sacrilicious713,"Philadelphia, PA",170,461,22492,12918,,,,[3],True,positive,3144,1,1.0,
48461,1.59343e+18,18/11/2022 02:30,Before twitter goes down who wanna admit they got a crush on me?,,en,"<a href=""http://twitter.com/download/iphone"" rel=""nofollow"">Twitter for iPhone</a>","El Cajon, CA","POLYGON ((-117.009833 32.767506, -117.009833 32.831001, -116.894872 32.831001, -116.894872 32.767506, -117.009833 32.767506))",0,0,,-1.0,1.39007e+18,_spitmyrage,"San Diego, CA",161,194,36,392,,,,[3],True,neutral,2948,1,,
56078,1.59443e+18,20/11/2022 20:39,Elon bringing back all the celebrity suspended accounts for the Twitter closing ceremonies I see,,en,"<a href=""http://twitter.com/download/iphone"" rel=""nofollow"">Twitter for iPhone</a>","Alafaya, FL","POLYGON ((-81.244501 28.489488, -81.244501 28.568794, -81.125632 28.568794, -81.125632 28.489488, -81.244501 28.489488))",0,0,,-1.0,452230336.0,StephCurryGoat,"Orlando, FL",739,507,20306,57004,,,,[3],True,neutral,1174,1,,
9844,1.58929e+18,06/11/2022 16:03,Agatha loves making trails in snow. #CorgiCrew #CorgiCrew #DogsOnTwitter https://t.co/8FUP9MBiZ8 https://t.co/9JGzUa4j7j,"CorgiCrew,CorgiCrew,DogsOnTwitter",en,"<a href=""http://twitter.com/download/iphone"" rel=""nofollow"">Twitter for iPhone</a>","Missoula, MT","POLYGON ((-114.1203252 46.780202, -113.941975 46.780202, -113.941975 46.977998, -114.1203252 46.977998, -114.1203252 46.780202))",1,10,"http://pbs.twimg.com/ext_tw_video_thumb/1589287306745155585/pu/img/0WDUA8iT-SiyjAyH.jpg,http://pbs.twimg.com/media/Fg5IYpUUoAEk7Lf.jpg",-1.0,56288451.0,desertrunnerdud,,81,225,3994,1667,,,,[1],True,positive,2918,1,1.0,
45523,1.58188e+18,17/10/2022 05:21,@Twitter @verified can we please verified @TylerLawrenceG already?,,en,"<a href=""http://twitter.com/download/iphone"" rel=""nofollow"">Twitter for iPhone</a>","Santa Clarita, CA","POLYGON ((-118.627874 34.347483, -118.627874 34.483779, -118.378643 34.483779, -118.378643 34.347483, -118.627874 34.347483))",0,0,,-1.0,945993090.0,heyjdream,J's L's H's D²'s A²'s C³'s Fs,8705,544,340039,266316,,,,[3],True,neutral,2466,1,,
41817,1.59417e+18,20/11/2022 03:39,"@elonmusk @nypost Well with respect twitter overlord, you didn't think it would only be the advertisers who left Twitter if you brought trump back did you ?",,en,"<a href=""http://twitter.com/download/android"" rel=""nofollow"">Twitter for Android</a>","Livermore, CA","POLYGON ((-121.823726 37.63653, -121.823726 37.730654, -121.696432 37.730654, -121.696432 37.63653, -121.823726 37.63653))",0,0,,-1.0,1.39182e+18,PatrickHall1701,The World,1103,4993,4944,10884,,,,[3],True,neutral,1237,1,,
49304,1.58176e+18,16/10/2022 21:44,I keep forgetting I can't come on Twitter for a few days cause the niners lost,,en,"<a href=""http://twitter.com/download/android"" rel=""nofollow"">Twitter for Android</a>","Modesto, CA","POLYGON ((-121.074342 37.59485, -121.074342 37.732784, -120.900594 37.732784, -120.900594 37.59485, -121.074342 37.59485))",0,0,,-1.0,1.44872e+18,VonKoepke,"Modesto, CA",325,941,34534,7039,,,,[3],True,negative,1236,1,,1.0
26867,1.57731e+18,04/10/2022 15:09,@Tauschhandel @ClaireFosterPHD Anyone who puts PhD in their Twitter handle IS a parody.,,en,"<a href=""http://twitter.com/download/iphone"" rel=""nofollow"">Twitter for iPhone</a>","University, FL","POLYGON ((-82.45491 28.054805, -82.45491 28.098918, -82.409812 28.098918, -82.409812 28.054805, -82.45491 28.054805))",0,0,,-1.0,64579004.0,cgrapski,"Kissimmee, FL, USA",1470,2328,29174,98776,,,,[3],True,negative,2373,1,,1.0
95691,1.58984e+18,08/11/2022 04:48,"Hmmmmmmm?? the more you hate, the more you love Elon!????AOC and you, should have a tea for two??! That Rooster for AOC?? looks cool in pink! Nice color ??Elon!????????",,en,"<a href=""http://twitter.com/download/iphone"" rel=""nofollow"">Twitter for iPhone</a>","Ione, CA","POLYGON ((-120.964866 38.340495, -120.964866 38.383642, -120.92492 38.383642, -120.92492 38.340495, -120.964866 38.340495))",0,0,,1.58898e+18,39204089.0,Ghie1104,USA,105,514,3455,2543,,,,[3],True,positive,1847,1,1.0,
51729,1.5799e+18,11/10/2022 18:03,Oh Philly aint playing with Atlanta today #MLBtwitter #MLBPostseason,"MLBtwitter,MLBPostseason",en,"<a href=""http://twitter.com/download/iphone"" rel=""nofollow"">Twitter for iPhone</a>","Hartford, CT","POLYGON ((-72.718386 41.723759, -72.643547 41.723759, -72.643547 41.807475, -72.718386 41.807475, -72.718386 41.723759))",0,2,,-1.0,2669912101.0,SheKnowsSports,"Hartford, CT",16295,3018,99084,54238,,,,[1],True,neutral,2926,1,,
53195,1.5887e+18,05/11/2022 01:19,@elonmusk @TomFitton @Twitter @yoyoel @JudicialWatch Why are all of my friends tweets marked sensitive @aTeXan575 https://t.co/x8Kf11VHfL,,en,"<a href=""http://twitter.com/download/iphone"" rel=""nofollow"">Twitter for iPhone</a>","Palm Bay, FL","POLYGON ((-80.737408 27.910056, -80.737408 28.063838, -80.566228 28.063838, -80.566228 27.910056, -80.737408 27.910056))",0,0,http://pbs.twimg.com/media/Fgw0iurXkAAXtH4.jpg,-1.0,1.08858e+18,Rick09164623,,408,424,20134,18150,,,,[3],True,negative,2331,1,,1.0
82990,1.58607e+18,28/10/2022 19:07,Okay twitter. Do y'all want me to take your stupid survey or not! ?? https://t.co/tefT1PkVBv,,en,"<a href=""http://twitter.com/download/android"" rel=""nofollow"">Twitter for Android</a>",Booze Room,"POLYGON ((-76.67749166794091 39.9517177372492, -76.67749166794091 39.9517177372492, -76.67749166794091 39.9517177372492, -76.67749166794091 39.9517177372492, -76.67749166794091 39.9517177372492))",0,1,"http://pbs.twimg.com/media/FgLcWIAWYAEkR3m.jpg,http://pbs.twimg.com/media/FgLcWSPXoAAXKr_.jpg",-1.0,4190867541.0,Pete_Geller,Pennsylvania,3737,4979,295487,92557,,,,[1],True,negative,1045,1,,1.0
53459,1.57822e+18,07/10/2022 03:24,No NFL Team has had 2 ties in a season in the overtime era... is tonight the night? #NFLTwitter #indyvsden,"NFLTwitter,indyvsden",en,"<a href=""http://twitter.com/download/android"" rel=""nofollow"">Twitter for Android</a>","Pembroke Pines, FL","POLYGON ((-80.442683 25.992486, -80.442683 26.063293, -80.213314 26.063293, -80.213314 25.992486, -80.442683 25.992486))",0,0,,-1.0,21391780.0,FrankCuzzo,Miami,289,161,7093,10056,,,,[3],True,neutral,2485,1,,
43708,1.58372e+18,22/10/2022 07:25,"Had some time today to practice some long exposures tonight. 

Self portrait.
@antsonamelon Dual Sol Sabre Staff https://t.co/WsNXfahGoi",,en,"<a href=""http://twitter.com/download/android"" rel=""nofollow"">Twitter for Android</a>","Burbank, CA","POLYGON ((-118.37032 34.14263, -118.37032 34.22169, -118.27997 34.22169, -118.27997 34.14263, -118.37032 34.14263))",0,0,http://pbs.twimg.com/media/FfqCINFUoAEBeSw.jpg,-1.0,327205199.0,Sebuh_com,"Los Angeles, CA",3990,3182,20081,13820,,,,[3],True,neutral,2466,1,,
5838,1.57697e+18,03/10/2022 16:23,"I'm up to 5 Twitter followers now, and only 3 of them are cam girls! The come-up is upon us. #MondayMotivation",MondayMotivation,en,"<a href=""http://twitter.com/download/android"" rel=""nofollow"">Twitter for Android</a>","Champaign, IL","POLYGON ((-88.333161 40.054674, -88.333161 40.160295, -88.22527700000001 40.160295, -88.22527700000001 40.054674, -88.333161 40.054674))",0,0,,-1.0,1.57489e+18,LenkaComedy,"Champaign, IL",5,68,1,11,,,,[3],True,positive,1333,1,1.0,
7524,1.59307e+18,17/11/2022 02:44,@bruneaux_mahs I just came here off your Twitter handle. My Guhawd!! @Lazymommoment ?????????????? https://t.co/84MpBp0Q3P,,en,"<a href=""http://twitter.com/download/android"" rel=""nofollow"">Twitter for Android</a>","Zachary, LA","POLYGON ((-91.198543 30.623905, -91.198543 30.672708, -91.102458 30.672708, -91.102458 30.623905, -91.198543 30.623905))",0,0,http://pbs.twimg.com/tweet_video_thumb/Fhu7A4aXwAE5ie9.jpg,-1.0,22736078.0,CookyCrook,Over Yonder,298,2133,15435,11108,,,,[3],True,positive,729,1,1.0,
92380,1.58436e+18,24/10/2022 01:38,https://twitter.com1/status/1584230524285259778?t=uZ10jAX9I8t1JByh7zR_og&s=09,,zxx,"<a href=""http://twitter.com/download/android"" rel=""nofollow"">Twitter for Android</a>","Graham, WA","POLYGON ((-122.338034 47.016521, -122.338034 47.09723, -122.206872 47.09723, -122.206872 47.016521, -122.338034 47.016521))",0,0,,-1.0,1.38516e+18,ERupian,"Washington, DC",193,601,38,331,,,,[3],True,neutral,1240,1,,
97414,1.58153e+18,16/10/2022 06:01,I love when readers share my book in their hands! ?????? #AuthorsOfTwitter #author #memoir #newbook #nonfiction #books https://t.co/Pxw6qELGVj,"AuthorsOfTwitter,author,memoir,newbook,nonfiction,books",en,"<a href=""http://twitter.com/download/iphone"" rel=""nofollow"">Twitter for iPhone</a>","Pasadena, CA","POLYGON ((-118.198346 34.117025, -118.198346 34.237595, -118.065582 34.237595, -118.065582 34.117025, -118.198346 34.117025))",0,0,http://pbs.twimg.com/ext_tw_video_thumb/1581525702058291201/pu/img/vpdAvN0wj8Q5Htl7.jpg,-1.0,2420860352.0,LaurieMarkvart,Los Angeles,442,967,313,547,,,,[3],True,positive,2466,1,1.0,
62032,1.58216e+18,17/10/2022 23:58,Twitter vraiment ??,,fr,"<a href=""http://twitter.com/download/iphone"" rel=""nofollow"">Twitter for iPhone</a>","Pineville, LA","POLYGON ((-92.45237299999999 31.303096, -92.45237299999999 31.384652, -92.34801 31.384652, -92.34801 31.303096, -92.45237299999999 31.303096))",0,0,,1.58204e+18,1640762533.0,Nattyrbcg_,"Paris, Fr x Dallas, Tx",1386,491,18641,237558,,,,[3],True,negative,1869,1,,1.0
34702,1.57789e+18,06/10/2022 05:08,@Burning_Forest @AngelaBelcamino @elonmusk Lol she's trying to push that topic back up front.  Sorry Twitter sale is more important than women's rights right now ?? ?? ??  just look at the media haha,,en,"<a href=""http://twitter.com/download/android"" rel=""nofollow"">Twitter for Android</a>","Providence, RI","POLYGON ((-71.474186 41.772455, -71.474186 41.861713, -71.369479 41.861713, -71.369479 41.772455, -71.474186 41.772455))",0,0,,-1.0,1.48875e+18,ILLUMINATICHOZ3,Metaverse,129,722,778,1032,,,,[3],True,negative,2147,1,,1.0
27689,1.57951e+18,10/10/2022 16:41,"Twitter is a fetid cesspool of negativity- whether its sports, politics, celebs or anything else people can crap on anonymously",,en,"<a href=""http://twitter.com/download/iphone"" rel=""nofollow"">Twitter for iPhone</a>","Kendall, FL","POLYGON ((-80.38934399999999 25.628844, -80.38934399999999 25.715128, -80.304896 25.715128, -80.304896 25.628844, -80.38934399999999 25.628844))",0,0,,-1.0,21007914.0,jt350,Miami,345,539,4819,18047,,,,[3],True,negative,3105,1,,1.0
25080,1.59114e+18,11/11/2022 18:49,"@DailyMailUK Elon Musk & Neuralink began sex trafficking my program #Ballaxy and are spreading it around the world, beginning in Westminster, CA and surrounding cities. This is international treason and is being ignored.

https://t.co/pz4xxNiXqB",Ballaxy,en,"<a href=""https://mobile.twitter.com"" rel=""nofollow"">Twitter Web App</a>","Fountain Valley, CA","POLYGON ((-117.980552 33.686723, -117.980552 33.733487, -117.914731 33.733487, -117.914731 33.686723, -117.980552 33.686723))",0,0,,1.59113e+18,1.58729e+18,MonkeyWithTheM,,5,0,461,2948,,,,[3],True,negative,2798,1,,1.0
65538,1.5875e+18,01/11/2022 17:41,"So, who is gonna buy their way to Twitter verification? Lol",,en,"<a href=""http://twitter.com/download/iphone"" rel=""nofollow"">Twitter for iPhone</a>","Dearborn, MI","POLYGON ((-83.287094 42.277554, -83.287094 42.35191, -83.14002000000001 42.35191, -83.14002000000001 42.277554, -83.287094 42.277554))",0,0,,-1.0,64864261.0,ahammFreePress,"Detroit, MI",7297,7008,210316,438002,,,,[3],True,neutral,1966,1,,
65363,1.58337e+18,21/10/2022 08:01,@ethanfranzen7 @TheVarietyGuy @CultureCrave @washingtonpost He says based because his firing people who hate us moderates let alone conservatives. Every employee at twitter hates normal Americans and they dont deserve to work there. Dont try and pretend we live some fair world.,,en,"<a href=""http://twitter.com/download/iphone"" rel=""nofollow"">Twitter for iPhone</a>","Houghton, MI","POLYGON ((-88.617059 47.089155, -88.617059 47.123547, -88.511915 47.123547, -88.511915 47.089155, -88.617059 47.089155))",0,0,,-1.0,7.6644e+17,SagaFraga,"Houghton, MI",200,1153,6883,1831,,,,[3],True,negative,1896,1,,1.0
44425,1.59442e+18,20/11/2022 20:14,@hatishko Im trying really hard too. U seen who just got their twitter back? We back to being number 2 once he starts talking,,en,"<a href=""http://twitter.com/download/iphone"" rel=""nofollow"">Twitter for iPhone</a>","Gardena, CA","POLYGON ((-118.326601 33.865559, -118.290531 33.865559, -118.290531 33.916511, -118.326601 33.916511, -118.326601 33.865559))",0,0,,-1.0,7.01132e+17,IgglyTheNiggly,,938,1402,67565,41481,,,,[1],True,neutral,2466,1,,
1901,1.59376e+18,19/11/2022 00:28,"@Ladyfish666 But wait! There's more! For $5.99 more you get two Twitters.
Limited time offer, not available in some states.",,en,"<a href=""http://twitter.com/download/android"" rel=""nofollow"">Twitter for Android</a>","Goshen, CA","POLYGON ((-119.439422 36.336629, -119.4035758 36.336629, -119.4035758 36.356368, -119.439422 36.356368, -119.439422 36.336629))",0,1,,-1.0,3267051246.0,RacerX393,"California, USA",5294,5359,643163,208825,,,,[1],True,positive,1024,1,1.0,
23726,1.5894e+18,06/11/2022 23:17,"@AcridCyst Im not surprised, at all. If Elon truly had a brain in his head, hed beg for his employees back, give em a ALL raise, shut down all the racists, get all the high-dollar the advertisers back, then quietly sell (at a loss) and have Twitter become an employee-owned company.",,en,"<a href=""http://twitter.com/download/iphone"" rel=""nofollow"">Twitter for iPhone</a>","Bakersfield, CA","POLYGON ((-119.172179 35.255821, -119.172179 35.437982, -118.878147 35.437982, -118.878147 35.255821, -119.172179 35.255821))",0,0,,-1.0,2728424702.0,archangelcrew,"Bakersfield, CA",16925,9820,219097,225624,,,,[3],True,negative,2194,1,,1.0
40820,1.58396e+18,22/10/2022 23:07,"VASSELL FIRST HALF CASH?

#PrizePicks #PrizePicksNBA #GamblingTwitter #DFS #NBA #BettingTwitter","PrizePicks,PrizePicksNBA,GamblingTwitter,DFS,NBA,BettingTwitter",en,"<a href=""http://twitter.com/download/iphone"" rel=""nofollow"">Twitter for iPhone</a>","Tempe, AZ","POLYGON ((-111.979047 33.319945, -111.979047 33.465823, -111.877237 33.465823, -111.877237 33.319945, -111.979047 33.319945))",0,0,,-1.0,1.49664e+18,ThePropMatrix,,1300,7,220,489,,,,[3],True,neutral,1981,1,,
54806,1.59323e+18,17/11/2022 13:10,Elon Musk Testifies In Tesla Shareholder's Lawsui: https://t.co/rPktf9Ckvh,,en,"<a href=""http://twitter.com/download/android"" rel=""nofollow"">Twitter for Android</a>","Lakeland, FL","POLYGON ((-82.042715 27.968692, -82.042715 28.13051, -81.90269499999999 28.13051, -81.90269499999999 27.968692, -82.042715 27.968692))",0,0,,-1.0,96074097.0,aka12144,"Lakeland, FL",6688,7188,238729,263056,,,,[3],True,neutral,3146,1,,
94964,1.59343e+18,18/11/2022 02:17,@tomselliott @SenMarkey @elonmusk Go Elon Musk!!!,,en,"<a href=""http://twitter.com/download/iphone"" rel=""nofollow"">Twitter for iPhone</a>","Surprise, AZ","POLYGON ((-112.46036 33.5795655, -112.298534 33.5795655, -112.298534 33.713743, -112.46036 33.713743, -112.46036 33.5795655))",0,0,,-1.0,1.58602e+18,NormaHerfurth1,"Surprise, AZ",15,168,1141,254,,,,[1],True,positive,1981,1,1.0,
22194,1.59378e+18,19/11/2022 01:53,"Cash it??????

#sportsbetting 
#sportsbettingtwitter 

https://t.co/jRXhSKd84z https://t.co/bB3tgNw6Mz","sportsbetting,sportsbettingtwitter",en,"<a href=""http://twitter.com/download/iphone"" rel=""nofollow"">Twitter for iPhone</a>","Aspen Hill, MD","POLYGON ((-77.125438 39.059951, -77.125438 39.120903, -77.0338 39.120903, -77.0338 39.059951, -77.125438 39.059951))",0,0,http://pbs.twimg.com/media/Fh5CcpDWIAIf0yH.jpg,-1.0,1.51139e+18,BetG3nius,Maryland,21,72,28,52,,,,[3],True,positive,1255,1,1.0,
87106,1.59346e+18,18/11/2022 04:41,@__ZB___ wait what happened i havent been on twitter all day,,en,"<a href=""http://twitter.com/download/iphone"" rel=""nofollow"">Twitter for iPhone</a>","Weatherford, TX","POLYGON ((-97.83979100000001 32.716432, -97.83979100000001 32.789288, -97.723744 32.789288, -97.723744 32.716432, -97.83979100000001 32.716432))",0,0,,-1.0,3029453031.0,dfkinlopes,"Fort Worth, TX",3285,446,637,43933,,,,[3],True,neutral,614,1,,
25543,1.57894e+18,09/10/2022 02:44,@JudicialWatch @elonmusk @Twitter Liar,,es,"<a href=""http://twitter.com/download/iphone"" rel=""nofollow"">Twitter for iPhone</a>","Elk Grove, CA","POLYGON ((-121.487576 38.361325, -121.487576 38.481744, -121.276607 38.481744, -121.276607 38.361325, -121.487576 38.361325))",0,0,,-1.0,425566453.0,Phillykid1957,"Elk Grove, CA",41,447,2420,6646,,,,[3],True,negative,1641,1,,1.0
83941,1.58833e+18,04/11/2022 00:34,Truth it would break Twitter.....@WriterRAS @CW_Riverdale @RiverdaleWriter #bughead #reunitebughead #soulmates #Endgame,"bughead,reunitebughead,soulmates,Endgame",en,"<a href=""http://twitter.com/download/android"" rel=""nofollow"">Twitter for Android</a>","Shelbyville, TN","POLYGON ((-86.493835 35.443601, -86.493835 35.521887, -86.377329 35.521887, -86.377329 35.443601, -86.493835 35.443601))",0,0,,1.58826e+18,1210279856.0,hagerman_becky,"Tennessee, USA",2266,4967,194677,164213,,,,[3],True,neutral,1167,1,,
76655,1.58799e+18,03/11/2022 02:25,I need to stop liking these tweets I don't want to be on philosophy Twitter.,,en,"<a href=""http://twitter.com/download/iphone"" rel=""nofollow"">Twitter for iPhone</a>","Shelby, NC","POLYGON ((-81.611574 35.237295, -81.46067600000001 35.237295, -81.46067600000001 35.347086, -81.611574 35.347086, -81.611574 35.237295))",0,2,,-1.0,9.8708e+17,begoniaphone,"Madison County, NC",140,639,6732,1158,,,,[1],True,negative,978,1,,1.0
97523,1.58799e+18,03/11/2022 02:08,I upgraded from the iPhone 12 Pro to the iPhone 14 Pro and loving the new camera. This was an unedited 48 megapixel photo shot in RAW and impressed by the detail and depth of field. #iPhone14Pro #Apple #Malshi #dogsoftwitter https://t.co/S6hveHq7xC,"iPhone14Pro,Apple,Malshi,dogsoftwitter",en,"<a href=""http://twitter.com/download/iphone"" rel=""nofollow"">Twitter for iPhone</a>","Pasadena, CA","POLYGON ((-118.198346 34.117025, -118.198346 34.237595, -118.065582 34.237595, -118.065582 34.117025, -118.198346 34.117025))",0,0,http://pbs.twimg.com/media/FgmsofSUoAAWxFm.jpg,-1.0,769195.0,itsbarrywong,"Los Angeles, CA",496,41,470,56,,,,[3],True,positive,2466,1,1.0,
66996,1.58514e+18,26/10/2022 05:09,@Sapphykinz Twitter algorithm strikes again https://t.co/XgrBRPJDS5,,en,"<a href=""http://twitter.com/download/android"" rel=""nofollow"">Twitter for Android</a>","Harrisonville, MO","POLYGON ((-94.37985999999999 38.63171, -94.37985999999999 38.677534, -94.31452899999999 38.677534, -94.31452899999999 38.63171, -94.37985999999999 38.63171))",0,0,http://pbs.twimg.com/media/Ff-JMf-XkAAQ4Ba.jpg,-1.0,9.43638e+17,pig_tickle,"Davenport, IA",1875,1675,96859,39501,,,,[3],True,neutral,2989,1,,
68827,1.59233e+18,15/11/2022 01:14,Drunk/high Twitter? Lol @CaseyNewton https://t.co/S4PzHDYVrj,,en,"<a href=""http://twitter.com/download/iphone"" rel=""nofollow"">Twitter for iPhone</a>","Las Vegas, NV","POLYGON ((-115.384091 36.129459, -115.384091 36.336371, -115.062159 36.336371, -115.062159 36.129459, -115.384091 36.129459))",0,0,http://pbs.twimg.com/media/FhkTWu8VEAADNxL.jpg,-1.0,14812623.0,Ander517,"Las Vegas, NV",807,3049,146381,156,,,,[3],True,neutral,3163,1,,
86347,1.59383e+18,19/11/2022 05:06,@s1mply @SCUBADi22104765 @hodgetwins @elonmusk @HardcoreNolley Stay off the Twitter & let grown folks have a conversation.,,en,"<a href=""http://twitter.com/download/iphone"" rel=""nofollow"">Twitter for iPhone</a>","Rosenberg, TX","POLYGON ((-95.835024 29.482424, -95.835024 29.581688, -95.699766 29.581688, -95.699766 29.482424, -95.835024 29.482424))",0,0,,-1.0,1.44671e+18,ShowStrosFan,"Texas, USA",11,73,167,367,,,,[3],True,negative,2906,1,,1.0
13702,1.58124e+18,15/10/2022 11:10,Twitter finally gets something right https://t.co/pAl0vvmJKL,,en,"<a href=""http://twitter.com/download/iphone"" rel=""nofollow"">Twitter for iPhone</a>","Dobbs Ferry, NY","POLYGON ((-73.88355300000001 40.998332, -73.88355300000001 41.02466, -73.845404 41.02466, -73.845404 40.998332, -73.88355300000001 40.998332))",0,0,http://pbs.twimg.com/media/FfGyTH2WIAAPoTt.jpg,-1.0,249265845.0,TheDeGroat,"Dobbs Ferry, Manhattan NY",626,4715,54820,15865,,,,[3],True,positive,826,1,1.0,
49164,1.59101e+18,11/11/2022 10:12,"Verifying my Twitter account for my #GalxeID gid:AMunabimi3N3QRHBkwHCLZ @Galxe 

 https://t.co/aUgJRS3dor",GalxeID,en,"<a href=""http://twitter.com/download/android"" rel=""nofollow"">Twitter for Android</a>","Ceres, CA","POLYGON ((-120.993774 37.561491, -120.993774 37.620692, -120.920472 37.620692, -120.920472 37.561491, -120.993774 37.561491))",0,0,,-1.0,1.26456e+18,Elizabe05450071,,24,277,95,338,,,,[3],True,neutral,1236,1,,
44924,1.59458e+18,21/11/2022 06:25,@FilmThePoliceLA Thats why Im undermine ELON lol huh ????,,en,"<a href=""http://twitter.com/download/iphone"" rel=""nofollow"">Twitter for iPhone</a>","Lawndale, CA","POLYGON ((-118.369186 33.872914, -118.369186 33.902665, -118.343796 33.902665, -118.343796 33.872914, -118.369186 33.872914))",0,0,,-1.0,792908305.0,ZacharyObama,"Los Angeles, CA",227,2399,3866,2068,,,,[3],True,neutral,2466,1,,
46185,1.58838e+18,04/11/2022 03:59,@adamgreattweet @Lady_Star_Gem Is Elon laying off everyone? Wtf?,,en,"<a href=""http://twitter.com/download/iphone"" rel=""nofollow"">Twitter for iPhone</a>","Tracy, CA","POLYGON ((-121.520904 37.6727459, -121.35153 37.6727459, -121.35153 37.773954, -121.520904 37.773954, -121.520904 37.6727459))",0,0,,-1.0,1363439071.0,ronbadgley21,"Tracy, CA",631,2430,5904,10368,,,,[1],True,negative,2359,1,,1.0
58011,1.57862e+18,08/10/2022 05:21,"@bigcory00 Or start a discord channel. You can broadcast from discord. I know a few folks that have even cashed out and sold the channels. 
Probably should try both and just link to them all. 
Discord is better than twitter because you can control who is on the channel.",,en,"<a href=""http://twitter.com/download/iphone"" rel=""nofollow"">Twitter for iPhone</a>","Puhi, HI","POLYGON ((-159.400878 21.956142, -159.400878 21.970302, -159.375529 21.970302, -159.375529 21.956142, -159.400878 21.956142))",0,0,,-1.0,172987303.0,valrich79,"Bakersfield, CA",467,1311,19339,74105,,,,[3],True,neutral,1453,1,,
51303,1.59344e+18,18/11/2022 03:10,Damn @Twitter keeps on putting @GOP crazies on my feed,,en,"<a href=""http://twitter.com/download/iphone"" rel=""nofollow"">Twitter for iPhone</a>","Palisade, CO","POLYGON ((-108.3799764 39.098237, -108.3394926 39.098237, -108.3394926 39.117145, -108.3799764 39.117145, -108.3799764 39.098237))",0,1,,-1.0,46855859.0,Disgeekdad,"Palisade, CO",496,2003,1430,11337,,,,[1],True,negative,2282,1,,1.0
82869,1.58215e+18,17/10/2022 23:40,"@Ghost_Rder @Maxamegalon2000 @RVendettq Cause its been debunked, so many clips were spliced, and Dinesh is a convicted Felon also. Real credible.",,en,"<a href=""http://twitter.com/download/iphone"" rel=""nofollow"">Twitter for iPhone</a>","McGovern, PA","POLYGON ((-80.243973 40.212004, -80.243973 40.25042, -80.17735999999999 40.25042, -80.17735999999999 40.212004, -80.243973 40.212004))",0,0,,-1.0,911415540.0,TheRickeyBeebe,,17,28,495,4260,,,,[3],True,negative,2513,1,,1.0
76309,1.59053e+18,10/11/2022 02:25,Simmons dunks Durants miss #nba #basketball #NBATwitter #bensimmons #kd #kevindurant #nets #NetsWorld https://t.co/n8nDZHyMnP,"nba,basketball,NBATwitter,bensimmons,kd,kevindurant,nets,NetsWorld",en,"<a href=""http://twitter.com/download/iphone"" rel=""nofollow"">Twitter for iPhone</a>",Chester Heights,"POLYGON ((-73.80835999999999 40.928355, -73.80835999999999 40.928355, -73.80835999999999 40.928355, -73.80835999999999 40.928355, -73.80835999999999 40.928355))",0,0,http://pbs.twimg.com/ext_tw_video_thumb/1590530942581497858/pu/img/bILTINFUDGlHX7la.jpg,-1.0,1.57401e+18,deeblackmma2,"Yonkers, NY",414,544,4029,3403,,,,[3],True,neutral,826,1,,
7054,1.59475e+18,21/11/2022 18:04,@bahshdbhdhdb u have a whole twitter specifically to tweet @ me - thats cute truthfully,,en,"<a href=""http://twitter.com/download/iphone"" rel=""nofollow"">Twitter for iPhone</a>","Cedar Rapids, IA","POLYGON ((-91.774579 41.886245, -91.774579 42.066811, -91.59113000000001 42.066811, -91.59113000000001 41.886245, -91.774579 41.886245))",0,0,,-1.0,147736721.0,ccxjjxcc,"Iowa, USA",12504,5112,160952,79827,,,,[3],True,positive,1653,1,1.0,
77864,1.58219e+18,18/10/2022 02:04,@imwithaew What would that be awtwitter,,en,"<a href=""http://twitter.com/download/iphone"" rel=""nofollow"">Twitter for iPhone</a>","Chillicothe, OH","POLYGON ((-83.053642 39.313645, -83.053642 39.382953, -82.934257 39.382953, -82.934257 39.313645, -83.053642 39.313645))",0,0,,-1.0,1.21763e+18,coline4266,"Chillicothe, OH",27,241,4934,685,,,,[3],True,neutral,1934,1,,
16143,1.58961e+18,07/11/2022 13:05,"Excited to be at @AVS_Members #AVS68! Different flavor of #scied than my usual #iteachchem, so excited to break out of that #chemchat silo a little and hang with the #iteachphysics crowd! ?? @UCCS #notonTwitterDrChristensen https://t.co/pyhd83EZrz","AVS68,scied,iteachchem,chemchat,iteachphysics,notonTwitterDrChristensen",en,"<a href=""http://twitter.com/download/iphone"" rel=""nofollow"">Twitter for iPhone</a>","Pittsburgh, PA","POLYGON ((-80.095586 40.36158, -80.095586 40.501198, -79.865793 40.501198, -79.865793 40.36158, -80.095586 40.36158))",0,0,"http://pbs.twimg.com/media/Fg9pUn0WYAA8cCC.jpg,http://pbs.twimg.com/media/Fg9pUnwX0AEyofT.jpg,http://pbs.twimg.com/media/Fg9pUnzWQAEdHA_.jpg",-1.0,27992689.0,RyTriGuy,"Manitou Springs, CO",4776,4129,48196,16078,,,,[3],True,positive,2659,1,1.0,
87624,1.58082e+18,14/10/2022 06:58,@DrewPostma59 i cant wait for twitter to delete your account,,en,"<a href=""http://twitter.com/download/iphone"" rel=""nofollow"">Twitter for iPhone</a>","Georgetown, TX","POLYGON ((-97.752578 30.5733183, -97.61566500000001 30.5733183, -97.61566500000001 30.7417061, -97.752578 30.7417061, -97.752578 30.5733183))",0,0,,-1.0,1.36695e+18,jacobxgillian,"Austin, TX",48,124,6886,886,,,,[1],True,negative,2202,1,,1.0
3689,1.59462e+18,21/11/2022 09:29,"Greetings to all in twitter land:
Good morning happy Monday. Hope everyone had a wonderful Sunday, all rested and refreshed to face a new day. Be focus my friends with positivity. Block the negativity and seek to strive on what is healthy and beneficial for your well being.??? https://t.co/umrbBWBgMg",,en,"<a href=""http://twitter.com/download/android"" rel=""nofollow"">Twitter for Android</a>","Cape Coral, FL","POLYGON ((-82.06956700000001 26.531814, -82.06956700000001 26.741146, -81.904101 26.741146, -81.904101 26.531814, -82.06956700000001 26.531814))",0,0,http://pbs.twimg.com/tweet_video_thumb/FiE-LTCWIAAHRfT.jpg,-1.0,1.09178e+18,Forgetfulness19,United States,10833,10548,205162,97252,,,,[3],True,positive,2683,1,1.0,
10301,1.59552e+18,23/11/2022 20:40,She said what you for Christmas? Parlay Money? BOY i think i found the one ?? #GamblingTwitter,GamblingTwitter,en,"<a href=""http://twitter.com/download/iphone"" rel=""nofollow"">Twitter for iPhone</a>","Nellis Air Force Base, NV","POLYGON ((-115.073161 36.225686, -115.073161 36.26381, -115.035104 36.26381, -115.035104 36.225686, -115.073161 36.225686))",0,0,,-1.0,315278042.0,TrapLoxC,"Las Vegas, NV",1777,941,23564,47198,,,,[3],True,positive,3163,1,1.0,
8354,1.59038e+18,09/11/2022 16:11,@elonmusk Thank you God for Elon!,,en,"<a href=""http://twitter.com/download/android"" rel=""nofollow"">Twitter for Android</a>","Kingston, MA","POLYGON ((-70.799736 41.964227, -70.799736 42.023216, -70.692437 42.023216, -70.692437 41.964227, -70.799736 41.964227))",0,0,,-1.0,1.58619e+18,RRchllnd54,,0,14,9,67,,,,[3],True,positive,3100,1,1.0,
73519,1.57851e+18,07/10/2022 22:07,Reason #33 not to vote for @LeeZeldin -too extreme for New York.  Thank you for paying this on Twitter so it could be shared. https://t.co/HBVSN0P4zK,,en,"<a href=""http://twitter.com/download/iphone"" rel=""nofollow"">Twitter for iPhone</a>","Baldwin Harbor, NY","POLYGON ((-73.617199 40.621497, -73.617199 40.642484, -73.586895 40.642484, -73.586895 40.621497, -73.617199 40.621497))",0,0,http://pbs.twimg.com/media/Fef8FAnX0AAWdl7.jpg,-1.0,9.38079e+17,Debfornow,"Baldwin, NY",295,85,21821,24046,,,,[3],True,negative,1009,1,,1.0
35017,1.59122e+18,12/11/2022 00:08,@MANlTHEDON @OriginalDWoods Ppl on the Twitter don't know how to do just say rip & it's sad,,en,"<a href=""http://twitter.com/download/iphone"" rel=""nofollow"">Twitter for iPhone</a>","Murfreesboro, TN","POLYGON ((-86.505805 35.751433, -86.505805 35.943407, -86.31341500000001 35.943407, -86.31341500000001 35.751433, -86.505805 35.751433))",0,0,,-1.0,3407457766.0,coach_hoodie_d,708 ?? 615,1828,4999,157824,40053,,,,[3],True,negative,2520,1,,1.0
52096,1.59418e+18,20/11/2022 04:15,"Sorry to tell ya, but free speech is not back on Twitter. Not until Alex Jones and Kathy Griffin are reinstated.",,en,"<a href=""http://ubersocial.com"" rel=""nofollow"">UberSocial for Android</a>","Pike Creek, DE",POINT (-75.7043524 39.726849),0,0,,-1.0,58030028.0,LOLMets,"Newark, United States",572,2221,784,34086,,,,[3],True,negative,1203,1,,1.0
58096,1.58872e+18,05/11/2022 02:34,@zeyguy @Hankerella_ @EugeneMirman He should make his own Twitter. For free.,,en,"<a href=""http://twitter.com/download/android"" rel=""nofollow"">Twitter for Android</a>","Hayden, ID","POLYGON ((-116.832204 47.741683, -116.832204 47.788044, -116.754964 47.788044, -116.754964 47.741683, -116.832204 47.741683))",0,0,,-1.0,1.52514e+18,WhalesGhost,Pacific North West,42,244,3082,1671,,,,[3],True,neutral,421,1,,
91291,1.59441e+18,20/11/2022 19:36,@elonmusk I guess these results dont really reflect your conviction that Twitter is mostly left ,,en,"<a href=""http://twitter.com/download/iphone"" rel=""nofollow"">Twitter for iPhone</a>","Seattle, WA","POLYGON ((-122.436232 47.495315, -122.436232 47.734319, -122.224973 47.734319, -122.224973 47.495315, -122.436232 47.495315))",0,0,,-1.0,1.49349e+18,alina_benedict,,2,15,10,16,,,,[3],True,neutral,3064,1,,
6656,1.5851e+18,26/10/2022 02:51,Twitter needs to grant me a verification badge for my account. I would feel so accomplished.,,en,"<a href=""http://twitter.com/download/iphone"" rel=""nofollow"">Twitter for iPhone</a>","Lafayette, IN","POLYGON ((-86.92488 40.339754, -86.92488 40.474718, -86.768625 40.474718, -86.768625 40.339754, -86.92488 40.339754))",0,0,,-1.0,1.57888e+18,jacob_watters1,"Indiana, USA ???? ????????????",345,4083,9189,13327,,,,[3],True,positive,1781,1,1.0,
91771,1.5822e+18,18/10/2022 02:22,@BigMcLrgHuge @ditzkoff @Patrick_Fenelon Dont share all your fantasies with @MrJoshPerry,,en,"<a href=""http://twitter.com/download/iphone"" rel=""nofollow"">Twitter for iPhone</a>","Seattle, WA","POLYGON ((-122.436232 47.495315, -122.436232 47.734319, -122.224973 47.734319, -122.224973 47.495315, -122.436232 47.495315))",0,0,,-1.0,1.19925e+18,prashGana,,396,1296,332312,35779,,,,[3],True,negative,3064,1,,1.0
